{"cameraMode":{"drawMode":0,"name":"Shaded","section":"Shading Mode"},"sceneLighting":false,"audioPlay":false,"sceneViewState":{"showFog":true,"showMaterialUpdate":false,"showSkybox":false,"showFlares":true,"showImageEffects":true,"showParticleSystems":true},"in2DMode":false,"pivot":{"x":0.11651776731014252,"y":1.0040873289108277,"z":0.0021867752075195314},"rotation":{"x":-0.014397080056369305,"y":0.009591908194124699,"z":-0.00013828027294948697,"w":-0.9998559951782227},"size":1.2247449159622193,"orthographic":true}